slug,action,target,currently_live,claim,cite,chars,reason
accessible-tutorial-videos,keep-indexed,,True,False,True,16024,probation (18d left; score 0)
agent-friendly-app-instrumentation,keep-indexed,,True,False,True,13313,probation (18d left; score 0.0135)
ai-demo-video-generators,keep-indexed,,True,False,True,13850,probation (18d left; score 0)
ai-documentation-tools,keep-indexed,,True,False,True,12297,probation (18d left; score 0.0175)
ai-voiceover-for-demo-videos,keep-indexed,,True,False,True,11673,probation (18d left; score 0)
api-documentation-videos,keep-indexed,,True,False,True,12054,probation (18d left; score 0)
app-preview-video,keep-indexed,,True,False,True,12147,probation (18d left; score 0)
app-store-screenshot-automation,keep-indexed,,True,False,True,11423,probation (18d left; score 0.0275)
arcade-vs-navattic-vs-storylane,keep-indexed,,True,False,True,15166,probation (18d left; score 0.028)
automated-product-demo-videos,keep-indexed,,True,False,True,15180,probation (18d left; score 0)
automating-product-screenshots,keep-indexed,,True,False,True,11173,probation (18d left; score 0.0535)
autoplay-video-on-website,keep-indexed,,True,False,True,13271,probation (18d left; score 0)
b2b-demo-video,keep-indexed,,True,False,True,11985,probation (18d left; score 0)
best-frame-rate-for-screen-recording,keep-indexed,,True,False,True,12895,probation (18d left; score 0.0485)
best-resolution-for-screen-recording,keep-indexed,,True,False,True,10931,probation (18d left; score 0.025)
best-video-format-for-screen-recording,keep-indexed,,True,False,True,12614,probation (18d left; score 0)
camtasia-alternatives,keep-indexed,,True,False,True,13545,probation (18d left; score 0.06)
cap-vs-screen-studio,keep-indexed,,True,False,True,11839,probation (18d left; score 0.071)
coding-agents-that-make-demo-videos,keep-indexed,,True,False,True,15255,probation (18d left; score 0)
demo-environments-and-seed-data,keep-indexed,,True,False,True,13310,probation (18d left; score 0.0615)
demo-video-background-music,keep-indexed,,True,False,True,12131,probation (18d left; score 0)
demo-video-call-to-action,keep-indexed,,True,False,True,11066,probation (18d left; score 0)
demo-video-captions,keep-indexed,,True,False,True,12906,probation (18d left; score 0)
demo-video-cost,keep-indexed,,True,False,True,10695,probation (18d left; score 0)
demo-video-hook,keep-indexed,,True,False,True,11453,probation (18d left; score 0)
demo-video-metrics,keep-indexed,,True,False,True,15038,probation (18d left; score 0)
demo-video-mistakes,keep-indexed,,True,False,True,14595,probation (18d left; score 0)
demo-video-on-landing-page,keep-indexed,,True,True,True,12202,probation (18d left; score 0)
demo-video-script-template,keep-indexed,,True,False,True,11383,probation (18d left; score 0)
demo-video-software-pricing,keep-indexed,,True,False,True,12134,probation (18d left; score 0)
demo-video-thumbnail,keep-indexed,,True,False,True,11288,probation (18d left; score 0)
demo-videos-in-ci,keep-indexed,,True,False,True,13335,probation (18d left; score 0)
demos-as-code,keep-indexed,,True,False,True,15235,probation (18d left; score 0.008)
descript-alternatives-for-demo-editing,keep-indexed,,True,False,True,12066,probation (18d left; score 0.0105)
detecting-ui-drift,keep-indexed,,True,False,True,13244,probation (18d left; score 0.0045)
deterministic-browser-automation-for-video,keep-indexed,,True,False,True,13466,probation (18d left; score 0)
developer-education-screencasts,keep-indexed,,True,False,True,10880,probation (18d left; score 0.0045)
docs-that-test-themselves,keep-indexed,,True,False,True,12970,probation (18d left; score 0.006)
does-video-increase-conversion,keep-indexed,,True,False,True,11717,probation (18d left; score 0)
embed-video-on-website,keep-indexed,,True,False,True,13730,probation (18d left; score 0)
embedding-videos-in-docs-sites,keep-indexed,,True,False,True,12833,probation (18d left; score 0)
feature-announcement-video,keep-indexed,,True,False,True,11013,probation (18d left; score 0)
free-demo-video-software,keep-indexed,,True,False,True,11331,probation (18d left; score 0)
gifs-in-documentation,keep-indexed,,True,True,True,13185,probation (18d left; score 0.008)
headless-screen-recording,keep-indexed,,True,False,True,13247,probation (18d left; score 0.023)
hide-notifications-while-recording,keep-indexed,,True,False,True,10981,probation (18d left; score 0.004)
how-long-should-a-demo-video-be,keep-indexed,,True,False,True,11941,probation (18d left; score 0)
how-to-make-a-product-demo-video,keep-indexed,,True,False,True,14122,probation (18d left; score 0)
how-to-record-your-screen-in-high-quality,keep-indexed,,True,False,True,15861,probation (18d left; score 0.0035)
interactive-demo-vs-video-demo,keep-indexed,,True,False,True,13606,probation (18d left; score 0)
keeping-tutorial-libraries-current,keep-indexed,,True,False,True,12100,probation (18d left; score 0.002)
linkedin-video-for-b2b-software,keep-indexed,,True,False,True,10716,probation (18d left; score 0)
loom-alternatives-for-product-demos,keep-indexed,,True,False,True,11459,probation (18d left; score 0.004)
mcp-servers-for-media-generation,keep-indexed,,True,False,True,15046,probation (18d left; score 0.0065)
measuring-documentation-video-effectiveness,keep-indexed,,True,False,True,14344,probation (18d left; score 0)
microvideos-in-documentation,keep-indexed,,True,False,True,13625,probation (18d left; score 0)
multi-language-product-demo-videos,keep-indexed,,True,False,True,12927,probation (18d left; score 0)
nightly-demo-builds,keep-indexed,,True,False,True,12304,probation (18d left; score 0.003)
obs-for-product-demos,keep-indexed,,True,False,True,13320,probation (18d left; score 0.004)
onboarding-walkthrough-videos,keep-indexed,,True,False,True,13597,probation (18d left; score 0)
open-source-demo-video-tools,keep-indexed,,True,False,True,12162,probation (18d left; score 0)
personalized-demo-videos-at-scale,keep-indexed,,True,False,True,13540,probation (18d left; score 0)
product-demo-storytelling,keep-indexed,,True,True,True,13242,probation (18d left; score 0.01)
product-hunt-launch-video,keep-indexed,,True,False,True,11258,probation (18d left; score 0)
product-launch-video,keep-indexed,,True,False,True,11199,probation (18d left; score 0)
product-onboarding-video,keep-indexed,,True,False,True,11982,probation (18d left; score 0)
product-walkthrough-video,keep-indexed,,True,False,True,12888,probation (18d left; score 0)
professional-screen-recordings,keep-indexed,,True,False,True,14138,probation (18d left; score 0.005)
readme-gifs-that-update-themselves,keep-indexed,,True,False,True,12853,probation (18d left; score 0.0015)
realistic-demo-data-generation,keep-indexed,,True,False,True,11904,probation (18d left; score 0)
record-a-browser-tab,keep-indexed,,True,False,True,12490,probation (18d left; score 0)
record-a-terminal-session,keep-indexed,,True,False,True,12145,probation (18d left; score 0.014)
record-screen-on-linux,keep-indexed,,True,False,True,11742,probation (18d left; score 0.0065)
record-screen-with-audio,keep-indexed,,True,False,True,13455,probation (18d left; score 0)
release-notes-videos,keep-indexed,,True,False,True,12675,probation (18d left; score 0)
reproducible-demo-renders,keep-indexed,,True,False,True,11051,probation (18d left; score 0.0055)
reviewing-video-diffs-in-pull-requests,keep-indexed,,True,False,True,13327,probation (18d left; score 0)
saas-demo-video-examples,keep-indexed,,True,False,True,11605,probation (18d left; score 0)
sales-demo-video,keep-indexed,,True,False,True,10061,probation (18d left; score 0)
screen-recording-aspect-ratio,keep-indexed,,True,False,True,11477,probation (18d left; score 0)
screen-recording-with-webcam,keep-indexed,,True,False,True,11353,probation (18d left; score 0)
screen-recording-without-cursor,keep-indexed,,True,False,True,12654,probation (18d left; score 0.0045)
screen-studio-alternatives,keep-indexed,,True,False,True,9898,probation (18d left; score 0.0075)
selectors-that-survive-redesigns,keep-indexed,,True,False,True,13820,probation (18d left; score 0.0025)
social-cuts-for-product-launch,keep-indexed,,True,False,True,12821,probation (18d left; score 0.0005)
storyboard-design-patterns,keep-indexed,,True,False,True,15350,probation (18d left; score 0.0025)
support-videos-knowledge-base,keep-indexed,,True,True,True,11884,probation (18d left; score 0)
synthesia-alternatives-for-software-demos,keep-indexed,,True,False,True,11262,probation (18d left; score 0.0185)
testing-demos-like-code,keep-indexed,,True,False,True,12599,probation (18d left; score 0.003)
versioned-demos-per-release,keep-indexed,,True,False,True,11595,probation (18d left; score 0.001)
versioning-media-assets-in-git,keep-indexed,,True,False,True,11506,probation (18d left; score 0.0015)
video-as-code-tools,keep-indexed,,True,False,True,12615,probation (18d left; score 0)
video-documentation,keep-indexed,,True,False,True,14624,probation (18d left; score 0)
video-in-email-marketing,keep-indexed,,True,False,True,11534,probation (18d left; score 0)
video-marketing-for-software,keep-indexed,,True,False,True,14173,probation (18d left; score 0)
video-seo-for-product-pages,keep-indexed,,True,False,True,12583,probation (18d left; score 0)
video-vs-written-documentation,keep-indexed,,True,True,True,10123,probation (18d left; score 0)
visual-regression-testing-for-marketing-assets,keep-indexed,,True,False,True,13850,probation (18d left; score 0.0005)
visual-regression-testing-tools,keep-indexed,,True,False,True,15429,probation (18d left; score 0.001)
where-to-use-your-demo-video,keep-indexed,,True,False,True,11461,probation (18d left; score 0)
why-product-demos-go-stale,keep-indexed,,True,False,True,10651,probation (18d left; score 0)
youtube-marketing-for-dev-tools,keep-indexed,,True,False,True,11269,probation (18d left; score 0)
